vehicle_id,Hired Status
SHB1001K,Hired
SHB1002H,Hired
SHB1009P,Hired
SHB1012D,Hired
SHB1013B,Hired
SHB1018M,Hired
SHB1019K,Hired
SHB101L,Hired
SHB1020E,Hired
SHB1026P,Hired
SHB1027L,Hired
SHB1028J,Hired
SHB1029G,Hired
SHB1030B,Hired
SHB1031Z,Hired
SHB1033T,Hired
SHB1037H,Hired
SHB1045J,Hired
SHB1046G,Hired
SHB1048B,Hired
SHB1050T,Hired
SHB1051R,Hired
SHB1054H,Hired
SHB1058Y,Hired
SHB1061L,Hired
SHB1063G,Hired
SHB1067X,Hired
SHB1072E,Hired
SHB1075Y,Hired
SHB1076U,Hired
SHB1077S,Hired
SHB1079L,Hired
SHB1082B,Hired
SHB1087M,Hired
SHB1092Y,Hired
SHB1097J,Hired
SHB1100H,Hired
SHB1109J,Hired
SHB1114T,Hired
SHB1120A,Hired
SHB1121Y,Hired
SHB1123S,Hired
SHB112E,Hired
SHB1134K,Hired
SHB1141P,Hired
SHB1146B,Hired
SHB1159P,Hired
SHB1164Z,Hired
SHB1171C,Hired
SHB1175S,Hired
SHB1177L,Hired
SHB1179G,Hired
SHB1180B,Hired
SHB1184R,Hired
SHB1187H,Hired
SHB118P,Hired
SHB1190Y,Hired
SHB1196G,Hired
SHB1209D,Hired
SHB1225G,Hired
SHB1228Z,Hired
SHB122B,Hired
SHB1233H,Hired
SHB1235C,Hired
SHB1246X,Hired
SHB1265R,Hired
SHB1267K,Hired
SHB1269E,Hired
SHB1272U,Hired
SHB1273S,Hired
SHB1277G,Hired
SHB1278D,Hired
SHB1279B,Hired
SHB1285H,Hired
SHB1296B,Hired
SHB12K,Hired
SHB1307D,Hired
SHB130C,Hired
SHB1311R,Hired
SHB1312M,Hired
SHB1313K,Hired
SHB1317A,Hired
SHB131A,Hired
SHB1325B,Hired
SHB1327X,Hired
SHB1329R,Hired
SHB132Y,Hired
SHB1331H,Hired
SHB1334A,Hired
SHB135P,Hired
SHB137J,Hired
SHB1384E,Hired
SHB1399M,Hired
SHB140Z,Hired
SHB1424Z,Hired
SHB1432A,Hired
SHB144M,Hired
SHB1465E,Hired
SHB147E,Hired
SHB148C,Hired
SHB149A,Hired
SHB152P,Hired
SHB154J,Hired
SHB1555D,Hired
SHB156D,Hired
SHB157B,Hired
SHB158Z,Hired
SHB1595M,Hired
SHB159X,Hired
SHB1614S,Hired
SHB161M,Hired
SHB162K,Hired
SHB1644E,Hired
SHB164E,Hired
SHB1661E,Hired
SHB1669J,Hired
SHB1679E,Hired
SHB1686J,Hired
SHB1688D,Hired
SHB1699Y,Hired
SHB1702X,Hired
SHB170L,Hired
SHB1719Z,Hired
SHB1722M,Hired
SHB1728Y,Hired
SHB1765P,Hired
SHB1768G,Hired
SHB176X,Hired
SHB1772T,Hired
SHB1783L,Hired
SHB1785G,Hired
SHB1788Z,Hired
SHB1798U,Hired
SHB1801T,Hired
SHB1807C,Hired
SHB1812L,Hired
SHB1813J,Hired
SHB1814G,Hired
SHB1816B,Hired
SHB1819T,Hired
SHB1838M,Hired
SHB1850B,Hired
SHB1858E,Hired
SHB1862S,Hired
SHB1863P,Hired
SHB1866G,Hired
SHB1867D,Hired
SHB1868B,Hired
SHB1872M,Hired
SHB1874H,Hired
SHB1876C,Hired
SHB1877A,Hired
SHB1881L,Hired
SHB1882J,Hired
SHB1883G,Hired
SHB1887X,Hired
SHB1888T,Hired
SHB1890K,Hired
SHB1896U,Hired
SHB1898P,Hired
SHB189J,Hired
SHB1919M,Hired
SHB1925U,Hired
SHB192Z,Hired
SHB1955H,Hired
SHB1959Y,Hired
SHB1963J,Hired
SHB1968X,Hired
SHB1973E,Hired
SHB1977U,Hired
SHB1978S,Hired
SHB1995S,Hired
SHB1998J,Hired
SHB1S,Hired
SHB206T,Hired
SHB213Y,Hired
SHB214U,Hired
SHB216P,Hired
SHB217L,Hired
SHB222X,Hired
SHB238B,Hired
SHB239Z,Hired
SHB251L,Hired
SHB253G,Hired
SHB262E,Hired
SHB275T,Hired
SHB280C,Hired
SHB285P,Hired
SHB302Z,Hired
SHB304T,Hired
SHB306M,Hired
SHB308H,Hired
SHB322R,Hired
SHB338X,Hired
SHB340M,Hired
SHB342H,Hired
SHB354Z,Hired
SHB366P,Hired
SHB371Z,Hired
SHB373T,Hired
SHB380Y,Hired
SHB388B,Hired
SHB397A,Hired
SHB405K,Hired
SHB409A,Hired
SHB412P,Hired
SHB414J,Hired
SHB418Z,Hired
SHB421M,Hired
SHB423H,Hired
SHB432G,Hired
SHB433D,Hired
SHB435Z,Hired
SHB442C,Hired
SHB44T,Hired
SHB451B,Hired
SHB456M,Hired
SHB457K,Hired
SHB459E,Hired
SHB460A,Hired
SHB463S,Hired
SHB468D,Hired
SHB472R,Hired
SHB477C,Hired
SHB4J,Hired
SHB5002G,Hired
SHB5003D,Hired
SHB5005Z,Hired
SHB5010H,Hired
SHB5015U,Hired
SHB5017P,Hired
SHB5020D,Hired
SHB5022Z,Hired
SHB5023X,Hired
SHB5025R,Hired
SHB5027K,Hired
SHB502M,Hired
SHB5039B,Hired
SHB503K,Hired
SHB5047C,Hired
SHB5053J,Hired
SHB5063E,Hired
SHB5064C,Hired
SHB5067U,Hired
SHB506C,Hired
SHB5079K,Hired
SHB5083Y,Hired
SHB5086P,Hired
SHB5087L,Hired
SHB5095M,Hired
SHB509U,Hired
SHB5102B,Hired
SHB5103Z,Hired
SHB5105T,Hired
SHB5106R,Hired
SHB510P,Hired
SHB5110C,Hired
SHB5111A,Hired
SHB5112Y,Hired
SHB5114S,Hired
SHB5116L,Hired
SHB5118G,Hired
SHB511L,Hired
SHB5120Z,Hired
SHB5123R,Hired
SHB5124M,Hired
SHB5126H,Hired
SHB5128C,Hired
SHB5135G,Hired
SHB5136D,Hired
SHB5137B,Hired
SHB5139X,Hired
SHB5144E,Hired
SHB5148U,Hired
SHB5149S,Hired
SHB514D,Hired
SHB5155Z,Hired
SHB5158R,Hired
SHB5159M,Hired
SHB5160H,Hired
SHB5163A,Hired
SHB5165U,Hired
SHB5166S,Hired
SHB5168L,Hired
SHB5175R,Hired
SHB5176M,Hired
SHB5179E,Hired
SHB5185L,Hired
SHB5186J,Hired
SHB5188D,Hired
SHB5189B,Hired
SHB5192R,Hired
SHB5193M,Hired
SHB5197C,Hired
SHB5198A,Hired
SHB5201Z,Hired
SHB5202X,Hired
SHB5203T,Hired
SHB5205M,Hired
SHB5206K,Hired
SHB5207H,Hired
SHB5210Y,Hired
SHB5213P,Hired
SHB5217D,Hired
SHB5218B,Hired
SHB5220T,Hired
SHB5223K,Hired
SHB5229U,Hired
SHB5230P,Hired
SHB5233G,Hired
SHB5235B,Hired
SHB5237X,Hired
SHB5239R,Hired
SHB523C,Hired
SHB5242E,Hired
SHB5244A,Hired
SHB5246U,Hired
SHB5248P,Hired
SHB524A,Hired
SHB5250G,Hired
SHB5251D,Hired
SHB5253Z,Hired
SHB5259H,Hired
SHB5261A,Hired
SHB5267J,Hired
SHB526U,Hired
SHB5272T,Hired
SHB5276H,Hired
SHB527S,Hired
SHB5282P,Hired
SHB5284J,Hired
SHB5285G,Hired
SHB5286D,Hired
SHB5289X,Hired
SHB5292K,Hired
SHB5294E,Hired
SHB5296A,Hired
SHB5301T,Hired
SHB5303M,Hired
SHB5304K,Hired
SHB5306E,Hired
SHB5308A,Hired
SHB5309Y,Hired
SHB5310S,Hired
SHB5311P,Hired
SHB5314G,Hired
SHB5315D,Hired
SHB5318X,Hired
SHB531D,Hired
SHB5320M,Hired
SHB5322H,Hired
SHB5323E,Hired
SHB5324C,Hired
SHB5326Y,Hired
SHB5327U,Hired
SHB5329P,Hired
SHB5332D,Hired
SHB5334Z,Hired
SHB5335X,Hired
SHB5336T,Hired
SHB5339K,Hired
SHB5344U,Hired
SHB5347L,Hired
SHB5349G,Hired
SHB5351Z,Hired
SHB5360Y,Hired
SHB5362S,Hired
SHB5364L,Hired
SHB5365J,Hired
SHB5369Z,Hired
SHB5372M,Hired
SHB5373K,Hired
SHB5377A,Hired
SHB5379U,Hired
SHB5380P,Hired
SHB5381L,Hired
SHB5383G,Hired
SHB5386Z,Hired
SHB5388T,Hired
SHB5389R,Hired
SHB5393C,Hired
SHB5395Y,Hired
SHB5397S,Hired
SHB5399L,Hired
SHB5400R,Hired
SHB5402K,Hired
SHB5406A,Hired
SHB5407Y,Hired
SHB5408U,Hired
SHB5412G,Hired
SHB5413D,Hired
SHB5414B,Hired
SHB5417T,Hired
SHB5420H,Hired
SHB5422C,Hired
SHB5424Y,Hired
SHB5425U,Hired
SHB542Y,Hired
SHB5434T,Hired
SHB5445L,Hired
SHB5448D,Hired
SHB5452R,Hired
SHB5455H,Hired
SHB5457C,Hired
SHB5458A,Hired
SHB5465D,Hired
SHB5469T,Hired
SHB5470M,Hired
SHB5472H,Hired
SHB547J,Hired
SHB5480J,Hired
SHB5487R,Hired
SHB5488M,Hired
SHB5490E,Hired
SHB5492A,Hired
SHB5498J,Hired
SHB5501H,Hired
SHB5503C,Hired
SHB5506U,Hired
SHB5507S,Hired
SHB5508P,Hired
SHB5515T,Hired
SHB5516R,Hired
SHB5526L,Hired
SHB5529D,Hired
SHB5530Z,Hired
SHB5531X,Hired
SHB5532T,Hired
SHB5533R,Hired
SHB5535K,Hired
SHB5536H,Hired
SHB5537E,Hired
SHB5538C,Hired
SHB5539A,Hired
SHB5542P,Hired
SHB5544J,Hired
SHB5549X,Hired
SHB5552K,Hired
SHB5553H,Hired
SHB5555C,Hired
SHB5556A,Hired
SHB5557Y,Hired
SHB5558U,Hired
SHB5561J,Hired
SHB5563D,Hired
SHB5570H,Hired
SHB5571E,Hired
SHB5572C,Hired
SHB5573A,Hired
SHB5575U,Hired
SHB5576S,Hired
SHB5579J,Hired
SHB5583X,Hired
SHB5585R,Hired
SHB5586M,Hired
SHB5589E,Hired
SHB5590A,Hired
SHB5595L,Hired
SHB5597G,Hired
SHB5599B,Hired
SHB5607L,Hired
SHB560U,Hired
SHB5610B,Hired
SHB5616K,Hired
SHB5618E,Hired
SHB5619C,Hired
SHB561S,Hired
SHB5622S,Hired
SHB5627D,Hired
SHB562P,Hired
SHB5633K,Hired
SHB5636C,Hired
SHB5657S,Hired
SHB565G,Hired
SHB5660G,Hired
SHB5669H,Hired
SHB5670C,Hired
SHB5671A,Hired
SHB5673U,Hired
SHB5675P,Hired
SHB5678G,Hired
SHB5681X,Hired
SHB5683R,Hired
SHB5685K,Hired
SHB5687E,Hired
SHB5700A,Hired
SHB5701Y,Hired
SHB5702U,Hired
SHB5705L,Hired
SHB5706J,Hired
SHB5707G,Hired
SHB5711T,Hired
SHB5715H,Hired
SHB5717C,Hired
SHB5718A,Hired
SHB571M,Hired
SHB5720S,Hired
SHB5722L,Hired
SHB5723J,Hired
SHB5729T,Hired
SHB5733E,Hired
SHB5734C,Hired
SHB5735A,Hired
SHB5737U,Hired
SHB5738S,Hired
SHB5743B,Hired
SHB5744Z,Hired
SHB5745X,Hired
SHB5749K,Hired
SHB5750E,Hired
SHB5752A,Hired
SHB5759G,Hired
SHB5760B,Hired
SHB5765M,Hired
SHB5766K,Hired
SHB5768E,Hired
SHB5769C,Hired
SHB5770Y,Hired
SHB5775J,Hired
SHB5777D,Hired
SHB5779Z,Hired
SHB5783K,Hired
SHB5785E,Hired
SHB5786C,Hired
SHB5791L,Hired
SHB5792J,Hired
SHB5795B,Hired
SHB5798T,Hired
SHB5799R,Hired
SHB5803L,Hired
SHB5805G,Hired
SHB5807B,Hired
SHB5808Z,Hired
SHB5812K,Hired
SHB5813H,Hired
SHB5815C,Hired
SHB5818U,Hired
SHB5819S,Hired
SHB5820L,Hired
SHB5822G,Hired
SHB5823D,Hired
SHB5825Z,Hired
SHB5827T,Hired
SHB582G,Hired
SHB5830H,Hired
SHB5839J,Hired
SHB5843X,Hired
SHB5850A,Hired
SHB5851Y,Hired
SHB5852U,Hired
SHB5856J,Hired
SHB5857G,Hired
SHB5859B,Hired
SHB585Z,Hired
SHB5865H,Hired
SHB5866E,Hired
SHB5867C,Hired
SHB5870S,Hired
SHB5871P,Hired
SHB5876B,Hired
SHB5881K,Hired
SHB5884C,Hired
SHB5887U,Hired
SHB5893B,Hired
SHB5904D,Hired
SHB5905B,Hired
SHB5913C,Hired
SHB5918P,Hired
SHB5919L,Hired
SHB591E,Hired
SHB5921D,Hired
SHB5923Z,Hired
SHB5924X,Hired
SHB5925T,Hired
SHB5926R,Hired
SHB5928K,Hired
SHB5931A,Hired
SHB5935P,Hired
SHB593A,Hired
SHB5947E,Hired
SHB5951S,Hired
SHB5953L,Hired
SHB595U,Hired
SHB5961M,Hired
SHB5969S,Hired
SHB5975Z,Hired
SHB5976X,Hired
SHB598L,Hired
SHB5991B,Hired
SHB5997K,Hired
SHB5998H,Hired
SHB5G,Hired
SHB600M,Hired
SHB602H,Hired
SHB603E,Hired
SHB606Y,Hired
SHB611G,Hired
SHB614Z,Hired
SHB621C,Hired
SHB624U,Hired
SHB626P,Hired
SHB628J,Hired
SHB633T,Hired
SHB635M,Hired
SHB637H,Hired
SHB63M,Hired
SHB646G,Hired
SHB647D,Hired
SHB651R,Hired
SHB654H,Hired
SHB656C,Hired
SHB660P,Hired
SHB668T,Hired
SHB680G,Hired
SHB687M,Hired
SHB689H,Hired
SHB697J,Hired
SHB702C,Hired
SHB706S,Hired
SHB708L,Hired
SHB711B,Hired
SHB717K,Hired
SHB722U,Hired
SHB726J,Hired
SHB727G,Hired
SHB730X,Hired
SHB732R,Hired
SHB734K,Hired
SHB739Y,Hired
SHB740S,Hired
SHB741P,Hired
SHB747Z,Hired
SHB752H,Hired
SHB754C,Hired
SHB758S,Hired
SHB763B,Hired
SHB765X,Hired
SHB771C,Hired
SHB780B,Hired
SHB783T,Hired
SHB784R,Hired
SHB785M,Hired
SHB786K,Hired
SHB789C,Hired
SHB791U,Hired
SHB792S,Hired
SHB796G,Hired
SHB805P,Hired
SHB806L,Hired
SHB810Z,Hired
SHB812T,Hired
SHB817E,Hired
SHB819A,Hired
SHB821S,Hired
SHB823L,Hired
SHB828Z,Hired
SHB833H,Hired
SHB841J,Hired
SHB843D,Hired
SHB844B,Hired
SHB845Z,Hired
SHB848R,Hired
SHB853A,Hired
SHB855U,Hired
SHB858L,Hired
SHB859J,Hired
SHB860D,Hired
SHB872U,Hired
SHB886E,Hired
SHB88S,Hired
SHB891P,Hired
SHB893J,Hired
SHB903P,Hired
SHB908B,Hired
SHB912M,Hired
SHB919U,Hired
SHB920P,Hired
SHB922J,Hired
SHB923G,Hired
SHB929R,Hired
SHB935Y,Hired
SHB950C,Hired
SHB955P,Hired
SHB957J,Hired
SHB959D,Hired
SHB960Z,Hired
SHB962T,Hired
SHB975G,Hired
SHB976D,Hired
SHB98M,Hired
SHB992G,Hired
SHB999M,Hired
SHB99K,Hired
SHC4018M,Hired
SHC4022A,Hired
SHC4077S,Hired
SHC4089H,Hired
SHC4092Y,Hired
SHC4096L,Hired
SHC4101E,Hired
SHC4103A,Hired
SHC4127G,Hired
SHC4130X,Hired
SHC4141P,Hired
SHC4149T,Hired
SHC4157U,Hired
SHC4172A,Hired
SHC4188E,Hired
SHC4198B,Hired
SHC4208G,Hired
SHC4218C,Hired
SHC4264T,Hired
SHC4272U,Hired
SHC4278D,Hired
SHC4301U,Hired
SHC4321L,Hired
SHC4325B,Hired
SHC4384E,Hired
SHC4400S,Hired
SHC4456G,Hired
SHC4459Z,Hired
SHC4470P,Hired
SHC4471L,Hired
SHC4483C,Hired
SHC4489L,Hired
SHC4492B,Hired
SHC4500L,Hired
SHC4504B,Hired
SHC4509M,Hired
SHC4510H,Hired
SHC4521B,Hired
SHC4528H,Hired
SHC4529E,Hired
SHC4534P,Hired
SHC4535L,Hired
SHC4537G,Hired
SHC4540X,Hired
SHC4557Z,Hired
SHC4559T,Hired
SHC4560M,Hired
SHC4565A,Hired
SHC4566Y,Hired
SHC4567U,Hired
SHC4568S,Hired
SHC4569P,Hired
SHC4573B,Hired
SHC4579K,Hired
SHC4580E,Hired
SHC4583Y,Hired
SHC4587L,Hired
SHC4588J,Hired
SHC4590B,Hired
SHC4591Z,Hired
SHC4595M,Hired
SHC4597H,Hired
SHC4598E,Hired
SHC4599C,Hired
SHC4601D,Hired
SHC4604X,Hired
SHC4605T,Hired
SHC4607M,Hired
SHC4608K,Hired
SHC4609H,Hired
SHC4614S,Hired
SHC4615P,Hired
SHC4616L,Hired
SHC4617J,Hired
SHC4619D,Hired
SHC4628C,Hired
SHC4629A,Hired
SHC4634J,Hired
SHC4639X,Hired
SHC4642K,Hired
SHC4643H,Hired
SHC4645C,Hired
SHC4651J,Hired
SHC4653D,Hired
SHC4654B,Hired
SHC4655Z,Hired
SHC4657T,Hired
SHC4660H,Hired
SHC4667P,Hired
SHC4671B,Hired
SHC4673X,Hired
SHC4678H,Hired
SHC4682U,Hired
SHC4684P,Hired
SHC4690X,Hired
SHC4694K,Hired
SHC4696E,Hired
SHC4698A,Hired
SHC4699Y,Hired
SHC4701Z,Hired
SHC4702X,Hired
SHC4703T,Hired
SHC4705M,Hired
SHC4706K,Hired
SHC4707H,Hired
SHC4711U,Hired
SHC4712S,Hired
SHC4713P,Hired
SHC4714L,Hired
SHC4716G,Hired
SHC4717D,Hired
SHC4718B,Hired
SHC4720T,Hired
SHC4723K,Hired
SHC4724H,Hired
SHC4727A,Hired
SHC4728Y,Hired
SHC4730P,Hired
SHC4731L,Hired
SHC4734D,Hired
SHC4735B,Hired
SHC4736Z,Hired
SHC4738T,Hired
SHC4741H,Hired
SHC4745Y,Hired
SHC4747S,Hired
SHC4748P,Hired
SHC4749L,Hired
SHC4751D,Hired
SHC4752B,Hired
SHC4754X,Hired
SHC4755T,Hired
SHC4756R,Hired
SHC4757M,Hired
SHC4758K,Hired
SHC4759H,Hired
SHC4760C,Hired
SHC4764S,Hired
SHC4765P,Hired
SHC4766L,Hired
SHC4767J,Hired
SHC4768G,Hired
SHC4769D,Hired
SHC4770Z,Hired
SHC4773R,Hired
SHC4774M,Hired
SHC4775K,Hired
SHC4777E,Hired
SHC4779A,Hired
SHC4780U,Hired
SHC4781S,Hired
SHC4782P,Hired
SHC4783L,Hired
SHC4786D,Hired
SHC4787B,Hired
SHC4788Z,Hired
SHC4789X,Hired
SHC4790R,Hired
SHC4791M,Hired
SHC4792K,Hired
SHC4794E,Hired
SHC4795C,Hired
SHC4797Y,Hired
SHC4798U,Hired
SHC4800X,Hired
SHC4803M,Hired
SHC4806E,Hired
SHC4812L,Hired
SHC4820M,Hired
SHC4827U,Hired
SHC4847L,Hired
SHC4853T,Hired
SHC4854R,Hired
SHC4860Y,Hired
SHC4861U,Hired
SHC4862S,Hired
SHC4869Z,Hired
SHC4870T,Hired
SHC4873K,Hired
SHC4876C,Hired
SHC4877A,Hired
SHC4878Y,Hired
SHC4881L,Hired
SHC4882J,Hired
SHC4886Z,Hired
SHC4888T,Hired
SHC4891H,Hired
SHC4894A,Hired
SHC4896U,Hired
SHC4897S,Hired
SHC4898P,Hired
SHC4899L,Hired
SHC4901M,Hired
SHC4902K,Hired
SHC4907Y,Hired
SHC4909S,Hired
SHC4910L,Hired
SHC4916X,Hired
SHC4920H,Hired
SHC4921E,Hired
SHC4922C,Hired
SHC4923A,Hired
SHC4926S,Hired
SHC4929J,Hired
SHC4933X,Hired
SHC4936M,Hired
SHC4937K,Hired
SHC4942U,Hired
SHC4946J,Hired
SHC4950X,Hired
SHC4951T,Hired
SHC4958A,Hired
SHC4960S,Hired
SHC4971K,Hired
SHC4973E,Hired
SHC4976Y,Hired
SHC4981G,Hired
SHC4983B,Hired
SHC4986T,Hired
SHC4988M,Hired
SHC4989K,Hired
SHC4991C,Hired
SHC4992A,Hired
SHC4997L,Hired
SHD6005G,Hired
SHD6008Z,Hired
SHD6009X,Hired
SHD6011M,Hired
SHD6012K,Hired
SHD6014E,Hired
SHD6016A,Hired
SHD6022G,Hired
SHD6030H,Hired
SHD6031E,Hired
SHD6032C,Hired
SHD6040D,Hired
SHD6042Z,Hired
SHD6055L,Hired
SHD6061T,Hired
SHD6067C,Hired
SHD6070S,Hired
SHD6071P,Hired
SHD6073J,Hired
SHD6074G,Hired
SHD6077Z,Hired
SHD6081K,Hired
SHD6085A,Hired
SHD6086Y,Hired
SHD6087U,Hired
SHD6088S,Hired
SHD6093B,Hired
SHD6095X,Hired
SHD6096T,Hired
SHD6105B,Hired
SHD6107X,Hired
SHD6111H,Hired
SHD6115Y,Hired
SHD6117S,Hired
SHD6118P,Hired
SHD6119L,Hired
SHD6122B,Hired
SHD6123Z,Hired
SHD6126R,Hired
SHD6128K,Hired
SHD6130C,Hired
SHD6131A,Hired
SHD6132Y,Hired
SHD6133U,Hired
SHD6138G,Hired
SHD6139D,Hired
SHD6140Z,Hired
SHD6146H,Hired
SHD6152P,Hired
SHD6155G,Hired
SHD6158Z,Hired
SHD6160R,Hired
SHD6163H,Hired
SHD6166A,Hired
SHD6169S,Hired
SHD6172G,Hired
SHD6173D,Hired
SHD6174B,Hired
SHD6177T,Hired
SHD6180H,Hired
SHD6183A,Hired
SHD6186S,Hired
SHD6187P,Hired
SHD6188L,Hired
SHD6189J,Hired
SHD6191B,Hired
SHD6195R,Hired
SHD6199E,Hired
SHD6202D,Hired
SHD6208M,Hired
SHD6211C,Hired
SHD6212A,Hired
SHD6213Y,Hired
SHD6214U,Hired
SHD6218J,Hired
SHD6219G,Hired
SHD6220B,Hired
SHD6221Z,Hired
SHD6223T,Hired
SHD6224R,Hired
SHD6231U,Hired
SHD6233P,Hired
SHD6234L,Hired
SHD6235J,Hired
SHD6237D,Hired
SHD6241R,Hired
SHD6248Y,Hired
SHD6256Z,Hired
SHD6260K,Hired
SHD6261H,Hired
SHD6264A,Hired
SHD6268P,Hired
SHD6269L,Hired
SHD6270G,Hired
SHD6272B,Hired
SHD6273Z,Hired
SHD6274X,Hired
SHD6275T,Hired
SHD6276R,Hired
SHD6277M,Hired
SHD6279H,Hired
SHD6280C,Hired
SHD6281A,Hired
SHD6282Y,Hired
SHD6285P,Hired
SHD6288G,Hired
SHD6295K,Hired
SHD6297E,Hired
SHD6298C,Hired
SHD6303X,Hired
SHD6310A,Hired
SHD6311Y,Hired
SHD6312U,Hired
SHD6313S,Hired
SHD6315L,Hired
SHD6318D,Hired
SHD6320X,Hired
SHD6321T,Hired
SHD6323M,Hired
SHD6330S,Hired
SHD6331P,Hired
SHD6332L,Hired
SHD6333J,Hired
SHD6334G,Hired
SHD6335D,Hired
SHD6336B,Hired
SHD6337Z,Hired
SHD6339T,Hired
SHD6347U,Hired
SHD6348S,Hired
SHD6351G,Hired
SHD6353B,Hired
SHD6355X,Hired
SHD6359K,Hired
SHD6361C,Hired
SHD6363Y,Hired
SHD6368J,Hired
SHD6370B,Hired
SHD6376K,Hired
SHD6379C,Hired
SHD6397A,Hired
SHD6399U,Hired
SHD6402T,Hired
SHD6404M,Hired
SHD6417B,Hired
SHD6423H,Hired
SHD6425C,Hired
SHD6428U,Hired
SHD6434B,Hired
SHD6444Y,Hired
SHD6445U,Hired
SHD6447P,Hired
SHD6448L,Hired
SHD6453X,Hired
SHD6456M,Hired
SHD6457K,Hired
SHD6462U,Hired
SHD6464P,Hired
SHD6465L,Hired
SHD6467G,Hired
SHD6470X,Hired
SHD6473M,Hired
SHD6480S,Hired
SHD6484G,Hired
SHD6488X,Hired
SHD6489T,Hired
SHD6493E,Hired
SHD6498S,Hired
SHD6499P,Hired
SHF1001P,Hired
SHF1002L,Hired
SHF1005D,Hired
SHF1006B,Hired
SHF1009T,Hired
SHF1012H,Hired
SHF1014C,Hired
SHF1023B,Hired
SHF1026T,Hired
SHF1027R,Hired
SHF1029K,Hired
SHF1039G,Hired
SHF1040B,Hired
SHF1042X,Hired
SHF1043T,Hired
SHF105E,Hired
SHF106C,Hired
SHF107A,Hired
SHF108Y,Hired
SHF111L,Hired
SHF113G,Hired
SHF119R,Hired
SHF11S,Hired
SHF120K,Hired
SHF121H,Hired
SHF122E,Hired
SHF123C,Hired
SHF125Y,Hired
SHF127S,Hired
SHF130G,Hired
SHF132B,Hired
SHF142Y,Hired
SHF147J,Hired
SHF150Z,Hired
SHF155K,Hired
SHF163L,Hired
SHF164J,Hired
SHF165G,Hired
SHF16D,Hired
SHF176A,Hired
SHF179S,Hired
SHF180L,Hired
SHF181J,Hired
SHF184B,Hired
SHF187T,Hired
SHF188R,Hired
SHF189M,Hired
SHF18Z,Hired
SHF190H,Hired
SHF193A,Hired
SHF194Y,Hired
SHF195U,Hired
SHF197P,Hired
SHF198L,Hired
SHF1X,Hired
SHF200M,Hired
SHF206Y,Hired
SHF207U,Hired
SHF208S,Hired
SHF209P,Hired
SHF210J,Hired
SHF218M,Hired
SHF220E,Hired
SHF222A,Hired
SHF225S,Hired
SHF228J,Hired
SHF22K,Hired
SHF232X,Hired
SHF233T,Hired
SHF234R,Hired
SHF237H,Hired
SHF238E,Hired
SHF244L,Hired
SHF248B,Hired
SHF253K,Hired
SHF255E,Hired
SHF259U,Hired
SHF260P,Hired
SHF265B,Hired
SHF268T,Hired
SHF276U,Hired
SHF277S,Hired
SHF279L,Hired
SHF280G,Hired
SHF282B,Hired
SHF283Z,Hired
SHF286R,Hired
SHF288K,Hired
SHF292Y,Hired
SHF296L,Hired
SHF297J,Hired
SHF2T,Hired
SHF303A,Hired
SHF305U,Hired
SHF30L,Hired
SHF312Z,Hired
SHF31J,Hired
SHF324P,Hired
SHF327G,Hired
SHF329B,Hired
SHF330X,Hired
SHF333M,Hired
SHF335H,Hired
SHF337C,Hired
SHF339Y,Hired
SHF341P,Hired
SHF346B,Hired
SHF348X,Hired
SHF350M,Hired
SHF351K,Hired
SHF356Y,Hired
SHF357U,Hired
SHF359P,Hired
SHF360J,Hired
SHF361G,Hired
SHF362D,Hired
SHF363B,Hired
SHF365X,Hired
SHF369K,Hired
SHF370E,Hired
SHF372A,Hired
SHF373Y,Hired
SHF376P,Hired
SHF377L,Hired
SHF378J,Hired
SHF379G,Hired
SHF37T,Hired
SHF380B,Hired
SHF381Z,Hired
SHF382X,Hired
SHF385M,Hired
SHF387H,Hired
SHF38R,Hired
SHF390Y,Hired
SHF392S,Hired
SHF394L,Hired
SHF396G,Hired
SHF399Z,Hired
SHF39M,Hired
SHF3R,Hired
SHF404S,Hired
SHF412T,Hired
SHF413R,Hired
SHF419A,Hired
SHF420U,Hired
SHF423L,Hired
SHF426D,Hired
SHF430R,Hired
SHF44Y,Hired
SHF468H,Hired
SHF473S,Hired
SHF477G,Hired
SHF479B,Hired
SHF485H,Hired
SHF486E,Hired
SHF487C,Hired
SHF489Y,Hired
SHF48L,Hired
SHF490S,Hired
SHF49J,Hired
SHF52Z,Hired
SHF59E,Hired
SHF5K,Hired
SHF60A,Hired
SHF61Y,Hired
SHF64P,Hired
SHF65L,Hired
SHF69B,Hired
SHF73M,Hired
SHF74K,Hired
SHF77C,Hired
SHF7E,Hired
SHF81P,Hired
SHF84G,Hired
SHF85D,Hired
SHF86B,Hired
SHF88X,Hired
SHF8C,Hired
SHF92H,Hired
SHF93E,Hired
SHF96Y,Hired
SHF98S,Hired
SHF99P,Hired
SHB100P,Unhired
SHB103G,Unhired
SHB1044L,Unhired
SHB106Z,Unhired
SHB108T,Unhired
SHB1102C,Unhired
SHB1103A,Unhired
SHB1132R,Unhired
SHB1151K,Unhired
SHB1156Y,Unhired
SHB1182X,Unhired
SHB123Z,Unhired
SHB1275L,Unhired
SHB1288A,Unhired
SHB1314H,Unhired
SHB1321L,Unhired
SHB1336U,Unhired
SHB1413E,Unhired
SHB1458B,Unhired
SHB1608K,Unhired
SHB1624M,Unhired
SHB1628C,Unhired
SHB1633L,Unhired
SHB1638Z,Unhired
SHB1645C,Unhired
SHB1651J,Unhired
SHB1666S,Unhired
SHB1680A,Unhired
SHB1703T,Unhired
SHB1705M,Unhired
SHB1706K,Unhired
SHB1711U,Unhired
SHB1721R,Unhired
SHB1724H,Unhired
SHB1734D,Unhired
SHB1745Y,Unhired
SHB1755T,Unhired
SHB1759H,Unhired
SHB1770Z,Unhired
SHB1774M,Unhired
SHB1790R,Unhired
SHB1791M,Unhired
SHB1793H,Unhired
SHB17Y,Unhired
SHB1802R,Unhired
SHB1803M,Unhired
SHB1805H,Unhired
SHB1811P,Unhired
SHB1849G,Unhired
SHB1857H,Unhired
SHB1860Y,Unhired
SHB1861U,Unhired
SHB1865J,Unhired
SHB1869Z,Unhired
SHB1870T,Unhired
SHB1879U,Unhired
SHB1880P,Unhired
SHB1885B,Unhired
SHB1901M,Unhired
SHB1902K,Unhired
SHB1909S,Unhired
SHB190D,Unhired
SHB1910L,Unhired
SHB1918R,Unhired
SHB191B,Unhired
SHB1933X,Unhired
SHB1935R,Unhired
SHB1941Y,Unhired
SHB1960S,Unhired
SHB1962L,Unhired
SHB1969T,Unhired
SHB196M,Unhired
SHB197K,Unhired
SHB1981G,Unhired
SHB1982D,Unhired
SHB1989K,Unhired
SHB1991C,Unhired
SHB203B,Unhired
SHB218J,Unhired
SHB219G,Unhired
SHB229C,Unhired
SHB270G,Unhired
SHB277M,Unhired
SHB281A,Unhired
SHB287J,Unhired
SHB310A,Unhired
SHB313S,Unhired
SHB358M,Unhired
SHB360E,Unhired
SHB365S,Unhired
SHB375M,Unhired
SHB376K,Unhired
SHB378E,Unhired
SHB382S,Unhired
SHB384L,Unhired
SHB386G,Unhired
SHB393K,Unhired
SHB401X,Unhired
SHB422K,Unhired
SHB426A,Unhired
SHB428U,Unhired
SHB429S,Unhired
SHB434B,Unhired
SHB439M,Unhired
SHB440H,Unhired
SHB444Y,Unhired
SHB450D,Unhired
SHB455R,Unhired
SHB461Y,Unhired
SHB469B,Unhired
SHB479Y,Unhired
SHB485D,Unhired
SHB496Y,Unhired
SHB5004B,Unhired
SHB5006X,Unhired
SHB5021B,Unhired
SHB5028H,Unhired
SHB5048A,Unhired
SHB5057Z,Unhired
SHB507A,Unhired
SHB5081C,Unhired
SHB5093T,Unhired
SHB512J,Unhired
SHB513G,Unhired
SHB5143H,Unhired
SHB5234D,Unhired
SHB5263U,Unhired
SHB5293H,Unhired
SHB530G,Unhired
SHB5321K,Unhired
SHB5333B,Unhired
SHB533Z,Unhired
SHB5353T,Unhired
SHB5359C,Unhired
SHB5361U,Unhired
SHB5363P,Unhired
SHB537M,Unhired
SHB5384D,Unhired
SHB540C,Unhired
SHB543U,Unhired
SHB5447G,Unhired
SHB545P,Unhired
SHB5500K,Unhired
SHB5512B,Unhired
SHB551X,Unhired
SHB5541S,Unhired
SHB5567T,Unhired
SHB559A,Unhired
SHB5611Z,Unhired
SHB5617H,Unhired
SHB5646Z,Unhired
SHB5652E,Unhired
SHB569X,Unhired
SHB572K,Unhired
SHB573H,Unhired
SHB5748M,Unhired
SHB574E,Unhired
SHB5753Y,Unhired
SHB575C,Unhired
SHB577Y,Unhired
SHB578U,Unhired
SHB5794D,Unhired
SHB579S,Unhired
SHB581J,Unhired
SHB590H,Unhired
SHB5930C,Unhired
SHB5932Y,Unhired
SHB594Y,Unhired
SHB5952P,Unhired
SHB5968U,Unhired
SHB5973D,Unhired
SHB5986S,Unhired
SHB599J,Unhired
SHB601K,Unhired
SHB604C,Unhired
SHB605A,Unhired
SHB609P,Unhired
SHB610J,Unhired
SHB612D,Unhired
SHB615X,Unhired
SHB616T,Unhired
SHB618M,Unhired
SHB622A,Unhired
SHB627L,Unhired
SHB630B,Unhired
SHB644L,Unhired
SHB650T,Unhired
SHB661L,Unhired
SHB664D,Unhired
SHB669R,Unhired
SHB670K,Unhired
SHB676U,Unhired
SHB678P,Unhired
SHB683Z,Unhired
SHB684X,Unhired
SHB691A,Unhired
SHB692Y,Unhired
SHB695P,Unhired
SHB699D,Unhired
SHB700H,Unhired
SHB701E,Unhired
SHB709J,Unhired
SHB712Z,Unhired
SHB714T,Unhired
SHB721Y,Unhired
SHB723S,Unhired
SHB725L,Unhired
SHB738A,Unhired
SHB742L,Unhired
SHB746B,Unhired
SHB757U,Unhired
SHB760J,Unhired
SHB761G,Unhired
SHB766T,Unhired
SHB769K,Unhired
SHB772A,Unhired
SHB774U,Unhired
SHB776P,Unhired
SHB779G,Unhired
SHB787H,Unhired
SHB799Z,Unhired
SHB7B,Unhired
SHB803U,Unhired
SHB822P,Unhired
SHB834E,Unhired
SHB852C,Unhired
SHB869E,Unhired
SHB873S,Unhired
SHB877G,Unhired
SHB880X,Unhired
SHB882R,Unhired
SHB906G,Unhired
SHB907D,Unhired
SHB913K,Unhired
SHB925B,Unhired
SHB938P,Unhired
SHB939L,Unhired
SHB952Y,Unhired
SHB958G,Unhired
SHB96T,Unhired
SHB971S,Unhired
SHB973L,Unhired
SHB991J,Unhired
SHB995Z,Unhired
SHC4011G,Unhired
SHC4094S,Unhired
SHC4109J,Unhired
SHC4125L,Unhired
SHC4135H,Unhired
SHC4200C,Unhired
SHC4209D,Unhired
SHC4323G,Unhired
SHC4463K,Unhired
SHC4465E,Unhired
SHC4484A,Unhired
SHC4485Y,Unhired
SHC4486U,Unhired
SHC4493Z,Unhired
SHC4498K,Unhired
SHC4502G,Unhired
SHC4506X,Unhired
SHC4508R,Unhired
SHC4513A,Unhired
SHC4514Y,Unhired
SHC4516S,Unhired
SHC4525R,Unhired
SHC4533S,Unhired
SHC4536J,Unhired
SHC4541T,Unhired
SHC4543M,Unhired
SHC4549Y,Unhired
SHC4553J,Unhired
SHC4561K,Unhired
SHC4562H,Unhired
SHC4563E,Unhired
SHC4564C,Unhired
SHC4570J,Unhired
SHC4571G,Unhired
SHC4572D,Unhired
SHC4574Z,Unhired
SHC4575X,Unhired
SHC4576T,Unhired
SHC4577R,Unhired
SHC4582A,Unhired
SHC4584U,Unhired
SHC4585S,Unhired
SHC4586P,Unhired
SHC4589G,Unhired
SHC4592X,Unhired
SHC4593T,Unhired
SHC4594R,Unhired
SHC4596K,Unhired
SHC4602B,Unhired
SHC4603Z,Unhired
SHC4606R,Unhired
SHC4610C,Unhired
SHC4611A,Unhired
SHC4613U,Unhired
SHC4620Z,Unhired
SHC4621X,Unhired
SHC4623R,Unhired
SHC4624M,Unhired
SHC4625K,Unhired
SHC4626H,Unhired
SHC4627E,Unhired
SHC4630U,Unhired
SHC4631S,Unhired
SHC4635G,Unhired
SHC4636D,Unhired
SHC4638Z,Unhired
SHC4640R,Unhired
SHC4641M,Unhired
SHC4644E,Unhired
SHC4646A,Unhired
SHC4647Y,Unhired
SHC4648U,Unhired
SHC4649S,Unhired
SHC4650L,Unhired
SHC4652G,Unhired
SHC4658R,Unhired
SHC4659M,Unhired
SHC4661E,Unhired
SHC4662C,Unhired
SHC4663A,Unhired
SHC4665U,Unhired
SHC4668L,Unhired
SHC4669J,Unhired
SHC4670D,Unhired
SHC4672Z,Unhired
SHC4675R,Unhired
SHC4676M,Unhired
SHC4677K,Unhired
SHC4679E,Unhired
SHC4680A,Unhired
SHC4681Y,Unhired
SHC4683S,Unhired
SHC4686J,Unhired
SHC4688D,Unhired
SHC4689B,Unhired
SHC4693M,Unhired
SHC4695H,Unhired
SHC4697C,Unhired
SHC4700B,Unhired
SHC4704R,Unhired
SHC4708E,Unhired
SHC4710Y,Unhired
SHC4715J,Unhired
SHC4719Z,Unhired
SHC4721R,Unhired
SHC4725E,Unhired
SHC4726C,Unhired
SHC4737X,Unhired
SHC4739R,Unhired
SHC4740K,Unhired
SHC4742E,Unhired
SHC4743C,Unhired
SHC4744A,Unhired
SHC4750G,Unhired
SHC4753Z,Unhired
SHC4763U,Unhired
SHC4771X,Unhired
SHC4772T,Unhired
SHC4778C,Unhired
SHC4784J,Unhired
SHC4785G,Unhired
SHC4796A,Unhired
SHC4838M,Unhired
SHC4845S,Unhired
SHC4857H,Unhired
SHC4865J,Unhired
SHC4879U,Unhired
SHC4887X,Unhired
SHC4889R,Unhired
SHC4892E,Unhired
SHC4908U,Unhired
SHC4915Z,Unhired
SHC4918R,Unhired
SHC4919M,Unhired
SHC4940A,Unhired
SHC4955H,Unhired
SHC4965D,Unhired
SHC4977U,Unhired
SHC4996P,Unhired
SHC4999G,Unhired
SHC5000G,Unhired
SHD6002P,Unhired
SHD6003L,Unhired
SHD6007B,Unhired
SHD6021J,Unhired
SHD6023D,Unhired
SHD6025Z,Unhired
SHD6026X,Unhired
SHD6034Y,Unhired
SHD6035U,Unhired
SHD6037P,Unhired
SHD6039J,Unhired
SHD6044T,Unhired
SHD6049E,Unhired
SHD6050A,Unhired
SHD6051Y,Unhired
SHD6076B,Unhired
SHD6078X,Unhired
SHD6101L,Unhired
SHD6104D,Unhired
SHD6109R,Unhired
SHD6121D,Unhired
SHD6151S,Unhired
SHD6159X,Unhired
SHD6171J,Unhired
SHD6210E,Unhired
SHD6222X,Unhired
SHD6225M,Unhired
SHD6228E,Unhired
SHD6242M,Unhired
SHD6249U,Unhired
SHD6253G,Unhired
SHD6255B,Unhired
SHD6266U,Unhired
SHD6267S,Unhired
SHD6278K,Unhired
SHD6283U,Unhired
SHD6289D,Unhired
SHD6296H,Unhired
SHD6317G,Unhired
SHD6327C,Unhired
SHD6338X,Unhired
SHD6340M,Unhired
SHD6345A,Unhired
SHD6346Y,Unhired
SHD6350J,Unhired
SHD6356T,Unhired
SHD6403R,Unhired
SHD6413L,Unhired
SHD6420R,Unhired
SHD6426A,Unhired
SHD6433D,Unhired
SHD6439M,Unhired
SHD6449J,Unhired
SHD6481P,Unhired
SHD6500T,Unhired
SHF1003J,Unhired
SHF1004G,Unhired
SHF1007Z,Unhired
SHF1008X,Unhired
SHF1010M,Unhired
SHF1011K,Unhired
SHF1013E,Unhired
SHF1015A,Unhired
SHF1017U,Unhired
SHF1018S,Unhired
SHF1019P,Unhired
SHF1020J,Unhired
SHF1021G,Unhired
SHF1022D,Unhired
SHF1024Z,Unhired
SHF1025X,Unhired
SHF1028M,Unhired
SHF1030E,Unhired
SHF1032A,Unhired
SHF1033Y,Unhired
SHF1034U,Unhired
SHF1035S,Unhired
SHF1036P,Unhired
SHF1038J,Unhired
SHF1041Z,Unhired
SHF129L,Unhired
SHF12P,Unhired
SHF177Y,Unhired
SHF178U,Unhired
SHF185Z,Unhired
SHF223Y,Unhired
SHF226P,Unhired
SHF227L,Unhired
SHF23H,Unhired
SHF243P,Unhired
SHF251R,Unhired
SHF272E,Unhired
SHF275Y,Unhired
SHF285T,Unhired
SHF287M,Unhired
SHF291A,Unhired
SHF293U,Unhired
SHF299D,Unhired
SHF300H,Unhired
SHF302C,Unhired
SHF304Y,Unhired
SHF309J,Unhired
SHF318H,Unhired
SHF319E,Unhired
SHF320A,Unhired
SHF326J,Unhired
SHF33D,Unhired
SHF347Z,Unhired
SHF34B,Unhired
SHF35Z,Unhired
SHF367R,Unhired
SHF421S,Unhired
SHF422P,Unhired
SHF424J,Unhired
SHF425G,Unhired
SHF427B,Unhired
SHF428Z,Unhired
SHF429X,Unhired
SHF431M,Unhired
SHF432K,Unhired
SHF433H,Unhired
SHF471Y,Unhired
SHF472U,Unhired
SHF474P,Unhired
SHF475L,Unhired
SHF476J,Unhired
SHF478D,Unhired
SHF480X,Unhired
SHF481T,Unhired
SHF482R,Unhired
SHF483M,Unhired
SHF484K,Unhired
SHF488A,Unhired
SHF491P,Unhired
SHF492L,Unhired
SHF493J,Unhired
SHF494G,Unhired
SHF495D,Unhired
SHF497Z,Unhired
SHF498X,Unhired
SHF499T,Unhired
SHF500Y,Unhired
SHF62U,Unhired
SHF63S,Unhired
SHF68D,Unhired
SHF95A,Unhired